size,time,name
30276916,sep 26 12:07, соглашение.pdf
528830,sep 26 11:20,01.04.00.pdf
322840,sep 26 11:21,01.04.02.pdf
701521,sep 26 11:21,02.04.02.pdf
857851,sep 26 11:21,02.04.02_rob.pdf
7642457,sep 26 11:48,03-5-01-005.pdf
147924,sep 26 11:21,03.04.02.pdf
187109,sep 26 11:21,03.04.03.pdf
1096655,sep 26 10:20,03.05.2024  РАС_438-р-1_ 5-летие Точки кипения ЮФУ.pdf
174260,sep 26 15:48,030302_B_3_31082020.pdf
177801,sep 26 15:48,030303_B_3_31082020.pdf
457282,sep 26 11:21,04.04.01.pdf
169928,sep 26 15:49,050301_B_3_23082020.pdf
187987,sep 26 15:49,050302_B_3_23082020.pdf
178493,sep 26 15:49,050304_B_3_31082020.pdf
1318947,sep 26 11:21,06.04.01.pdf
1446719,sep 26 11:21,06.04.02.pdf
181621,sep 26 15:49,060302_B_3_23082020.pdf
1459401,sep 26 09:56,06_gorgorova.pdf
1322926,sep 26 11:21,07.04.01.pdf
1174855,sep 26 11:21,07.04.02.pdf
835743,sep 26 11:21,07.04.03.pdf
768803,sep 26 11:24,1.1.pdf
248149,sep 26 11:24,1.2.1.pdf
259370,sep 26 11:24,1.2.2.pdf
503399,sep 26 11:24,1.2.2_mat_mod.pdf
724590,sep 26 11:24,1.2.2_r.pdf
449574,sep 26 11:24,1.3.pdf
922772,sep 26 11:24,1.4.pdf
683852,sep 26 11:24,1.5.pdf
246799,sep 26 11:24,1.6.pdf
655410,apr 29 03:53,10261_800.png
751720,sep 26 12:55,105_order_Spanish_courses.pdf
598875,sep 26 11:21,11.04.01.pdf
749573,sep 26 11:21,11.04.02.pdf
693127,sep 26 10:20,11.07.2023  П229-ОД Положение о точке кипения.pdf
177054,sep 26 15:51,110401_М_3_17062021.pdf
478324,sep 26 11:22,12.04.01_r.pdf
679355,sep 26 11:22,12.04.01_t.pdf
1279912,apr 29 03:53,120431_original.png
537,sep 26 10:28,14-2042.pdf
537,sep 26 10:27,14-909.pdf
537,sep 26 10:27,14-910.pdf
1746998,sep 26 09:56,142_152_Gorgorova.pdf
808501,sep 26 11:22,15.04.04.pdf
747940,sep 26 11:22,15.04.06.pdf
2249309,sep 26 14:51,16122024_DSU_Pulse.pdf
83474,apr 29 03:54,1679555052_Центр событий РБК .pdf
706433,sep 26 15:02,16862016212227.pdf
83474,apr 29 03:54,1725542163_Медиакит РБК 360.pdf
83474,apr 29 03:54,1725542279_Отраслевые форумы РБК 2024.pdf
83474,apr 29 03:54,1725542337_Медиакит РБК Телеканал.pdf
83474,apr 29 03:54,1725542351_Медиакит РБК Онлайн.pdf
83474,apr 29 03:54,1738660894_Приложения к договору субаренды (2).pdf
232777,sep 26 09:56,17_av1-202252.pdf
537,sep 26 10:28,1C_Science-pattern.rtf
537,sep 26 10:28,1C_University-input_errors.pdf
537,sep 26 10:27,1C_University-publications_and_scientific_action_counting-instruction.pdf
537,sep 26 10:27,1C_University_PROF-manual.pdf
537,sep 26 10:28,1C_University_publications-instruction.pdf
537,sep 26 10:26,1_Fundamentals_of_agricultural_and_environmental_biotechnology.pdf
457309,sep 26 11:24,2.1.pdf
791793,sep 26 11:24,2.2.13.pdf
699672,sep 26 11:24,2.2.14.pdf
618792,sep 26 11:25,2.2.16.pdf
223966,sep 26 11:25,2.3.1.pdf
710688,sep 26 11:25,2.3.1_t.pdf
694604,sep 26 11:25,2.3.5.pdf
245003,sep 26 11:25,2.3.6.pdf
237273,sep 26 11:25,2.3.7.pdf
242547,sep 26 11:25,2.3.8.pdf
456641,sep 26 15:00,2.4_reg_comisia_etica_r2.pdf
714917,sep 26 11:25,2.5.13.pdf
687941,sep 26 11:25,2.5.4.pdf
688303,apr 29 03:53,20198_2000.png
455614,sep 26 14:22,20230412_103613_page-0001.pdf
3565540,sep 26 15:02,2024 Yılı İdare Faaliyet Raporu.pdf
548723,apr 29 03:54,20240306_fin_result_2023.pdf
133014,sep 26 21:11,2024298010_8018.tif
514912,sep 26 08:34,2025-2.pdf
606840,sep 26 08:34,2025-_.pdf
332269,sep 26 08:34,2025.pdf
1101018,apr 29 03:54,2025Правила приёма 2025.26.pdf
73586,sep 26 21:11,2040765768.tif
114964,sep 26 21:11,2062498262.tif
56730,sep 26 21:11,2071133389.tif
291562,sep 26 21:11,2084511715_1716.tif
619950,sep 26 10:26,216e9fc932f0a2027c207d9b1bb2e0cd.pdf
587019,sep 26 12:12,2190-4286-12-49-S1.pdf
3390484,sep 26 12:12,2190-4286-12-49.pdf
1071010,sep 26 12:09,22nssvm5rk9x2ss9h33xq5h9ckbae1gd.pdf
20952,sep 26 12:10,24.11.2020 - форма заявления на участие в конкурсе.docx
21885,sep 26 12:10,24.11.2020 - форма согласия соискателя.docx
797055,apr 29 03:53,2650_original.png
722970,sep 26 11:22,27.04.04.pdf
275222,apr 29 03:53,2759107_600.png
376369,sep 26 11:22,28.04.01_r.pdf
537,sep 26 10:26,2_IntelligentComputerTechnology.pdf
4669129,sep 26 12:06,2n8uitfe0x.pdf
1727537,sep 26 13:53,3 сентября EduNet.pdf
126011,apr 29 03:53,355965_900.jpg
726637,sep 26 11:22,37.04.01.pdf
467788,sep 26 11:22,37.04.02.pdf
428974,sep 26 11:22,38.04.01.pdf
361779,sep 26 11:22,38.04.02.pdf
503080,sep 26 11:22,38.04.03.pdf
667264,sep 26 11:22,38.04.08.pdf
374619,sep 26 11:22,39.04.02.pdf
537,sep 26 10:26,3_Fundamentals_of_navigation_and_communication_control_systems.pdf
1323073,sep 26 11:25,4.3.5.pdf
237800,sep 26 21:11,40005199-5206.tif
837453,sep 26 11:23,40_04_01_program_mag_2025.pdf
319659,sep 26 11:23,41.04.04.pdf
406970,sep 26 11:23,41.04.05.pdf
504302,sep 26 11:23,41.04.05_International_Communication.pdf
151070,sep 26 09:56,42.pdf
190258,sep 26 11:23,43.04.01_programm_mag_2025.pdf
550781,sep 26 11:23,43.04.02.pdf
456553,sep 26 11:23,44.04.01_177.pdf
984882,sep 26 11:23,44.04.01_inkl.pdf
805975,sep 26 11:23,44.04.01_innov.pdf
1031945,sep 26 11:23,44.04.01_issled.pdf
384632,sep 26 11:23,44.04.01_ist.pdf
988834,sep 26 11:23,44.04.01_nast.pdf
1159605,sep 26 11:23,44.04.01_ped_nach.pdf
305942,sep 26 11:23,44.04.01_ph_obr.pdf
1029555,sep 26 11:23,44.04.01_rukov.pdf
842461,sep 26 11:23,44.04.01_soc_ped.pdf
332082,sep 26 11:23,44.04.01_sov_obr.pdf
794524,sep 26 11:23,44.04.01_spanish.pdf
620215,sep 26 11:24,44.04.02.pdf
759607,sep 26 11:24,44.04.03.pdf
661031,sep 26 11:24,44.04.04.pdf
303365,sep 26 11:23,44_04_02_obr_sred.pdf
730454,sep 26 11:24,45.04.01_International_Communication.pdf
475118,sep 26 11:24,45.04.01_komm.pdf
656430,sep 26 11:24,45.04.01_tpimk.pdf
336202,sep 26 11:24,46.04.01.pdf
417958,sep 26 11:24,47.04.01.pdf
719101,sep 26 15:36,49.03.02.pdf
654644,sep 26 11:24,49.04.03.pdf
1007378,sep 26 14:56,49.pdf
393305,sep 26 09:47,49PSMN519.pdf
537,sep 26 10:26,4_Intelligent_and_High-tech_materials.pdf
558090,sep 26 10:26,4a2be25626609e594edc147261ef747d.pdf
1370794,sep 26 12:49,4b708f12-9518-45cd-bac0-7b3ae2b4e78e.pdf
1852816,apr 29 03:54,5-05-20_US-59_27.12.2024.pdf
2555392,sep 26 10:28,5-2-progDN.doc
371423,sep 26 11:25,5.1.3.pdf
367896,sep 26 11:25,5.1.4.pdf
253181,sep 26 11:26,5.10.1.pdf
416687,sep 26 11:26,5.12.1.pdf
557851,sep 26 11:25,5.2.1.pdf
753086,sep 26 11:25,5.2.3.pdf
921199,sep 26 11:25,5.2.4.pdf
430627,sep 26 11:25,5.2.4_org.pdf
913940,sep 26 11:25,5.2.5.pdf
389436,sep 26 11:25,5.2.6.pdf
886256,sep 26 11:25,5.3.1.pdf
747482,sep 26 11:25,5.3.2.pdf
886280,sep 26 11:25,5.3.5.pdf
554876,sep 26 11:25,5.5.1.pdf
493791,sep 26 11:25,5.5.2.pdf
261620,sep 26 11:25,5.7.1.pdf
260387,sep 26 11:25,5.7.2.pdf
260496,sep 26 11:25,5.7.7.pdf
261134,sep 26 11:25,5.7.8.pdf
728893,sep 26 11:25,5.8.1.pdf
720546,sep 26 11:25,5.8.2.pdf
683235,sep 26 11:25,5.8.3.pdf
657985,sep 26 11:25,5.8.7.pdf
184906,sep 26 11:25,5.8.pdf
349449,sep 26 11:26,5.9.6_en.pdf
270489,sep 26 11:26,5.9.6_sp.pdf
629756,sep 26 11:26,5.9.8.pdf
199600,sep 26 21:11,50244030-4037.tif
202370,sep 26 21:11,50546182-6182.tif
162272,sep 26 21:11,508851993+-1993.tif
381464,sep 26 11:24,51.04.01.pdf
94954,sep 26 21:11,518303671+-3672.tif
10374455,sep 26 14:59,522.pdf
120916,sep 26 21:11,527802957+-2958.tif
165616,sep 26 21:11,530919692+-9693.tif
684152,sep 26 11:24,54.04.01.pdf
1014340,sep 26 11:24,54.04.02.pdf
598811,sep 26 10:27,5487d8240beaf469a1a10ee370749263.pdf
537,sep 26 10:26,5_Fundamentals_of_sensorics_and_energy.pdf
915724,sep 26 12:09,5fqhsxirzo8b3s7xsukssg8sbsz05b38.pdf
50130,apr 29 03:53,6 (96).jpg
35638,sep 26 11:58,6 шагов РОССИЯ.pdf.pdf
2433900,sep 26 14:56,6.pdf
15091,sep 26 15:02,63_ffa6_7.Gizlilik ve Çerez Politikası_4064465.docx
559619,sep 26 10:27,6b588aa921ec0008657cb728cfce508d.pdf
236024,apr 29 03:53,7644560_original.jpg
75847,sep 26 12:09,7l786rg9llt2odfq9u9zmrwunkk3k3q7.pdf
683914,sep 26 14:18,8. Индексация Расп РФ.pdf
534134,sep 26 10:26,82174ac3fa46f97441160bfa3b5fef76.pdf
19550773,sep 26 15:01,83124a_7c666ad59fdd470f83e349daad57df65.pdf
105139,sep 26 12:09,9ld9ylp04noekda30doh1pe1qjxt7md9.pdf
143197,sep 26 14:51,AC_11082025.pdf
3329529,sep 26 14:58,AI-SANA_2603.pdf
416738,sep 26 14:51,AIC-DSU_CONTENT.pdf
198933,sep 26 14:51,AICTE_Approval.pdf
3739471,sep 26 14:54,AICTE_Mandatory_Disclosure_2024_25.pdf
14726,sep 26 13:37,APS.docx
537,sep 26 10:27,Agro-industrial_complex_Innovations_conf-info.pdf
532230,sep 26 11:40,Announcement-on-the-Opening-Day-of-the-INEP-SFU-on-March-30-2024.pdf
537,sep 26 10:27,Application-Offer-Form.rtf
537,sep 26 10:28,Applied_problems_and_basic_technologies-info.pdf
130875,sep 26 14:33,Area studies and tourist destinations.pdf
261067,sep 26 12:52,Aula Hispanica_plano_rus_2016-po-mayo.pdf
276551,sep 26 12:52,Aula_Hispanica_plano_rus_2014-2015.pdf
251199,sep 26 12:52,Aula_Hispanica_rus_2015.pdf
200635,sep 26 12:52,Aula_Hispanica_vesna_2018.pdf
197792,sep 26 12:52,Aula_Hispánica_osen_2019_rus.pdf
537,sep 26 10:27,Azov_conf-application.rtf
537,sep 26 10:27,Azov_conf-buklet.pdf
537,sep 26 10:27,Azov_conf-example.rtf
537,sep 26 10:27,Azov_conf-requirements.rtf
3528415,sep 26 14:55,BA_JMC_brochure_2025.pdf
2101837,sep 26 14:55,BBA_Brochure_2025.pdf
2080985,sep 26 14:55,BCA_brochure_2025.pdf
1753559,sep 26 14:55,BCom_Brochure.pdf
7357244,sep 26 14:55,BDesign_brochure.pdf
1119522,sep 26 14:57,BGP.pdf
5591003,sep 26 14:55,BSC_DS_2025.pdf
1555705,sep 26 14:55,BSc_MSc_Basic_Science_brochure_2025.pdf
537,sep 26 10:27,BX771.pdf
537,sep 26 10:27,Bid-contents_Magistracy.pdf
537,sep 26 10:27,Bid_Bachelor-Specialist.rtf
537,sep 26 10:27,Bid_Magistracy.rtf
97351,sep 26 14:39,Building_innovation_Vitoshko.pdf
72131,sep 26 14:33,Business in Tourism and Hospitality.pdf
249979,sep 26 12:56,CNO_AULA_Hispanica.pdf
862933,apr 29 03:54,COMPS-1071.pdf
502943,sep 26 16:27,CT_RB_2025.pdf
4116156,sep 26 14:49,CVDrKased.pdf
295289,sep 26 12:00,Call-for-papers_2024.pdf
332056,sep 26 15:00,CartaCercetatoruluiCodul-de-Conduita.pdf
313219,sep 26 12:55,CartaInformativaCongreso2025_ru.pdf
1748576,sep 26 15:00,Carta_ASEM.pdf
2016192,sep 26 15:01,Catalogue_of_UNG_Equipment_and_Expertise_for_External_users.pdf
10120422,sep 26 15:00,Cod_etica_2023.pdf
537,sep 26 10:26,CommissionReviewProtocol.pdf
537,sep 26 10:27,Competitions_RFFI_list-2018_04.12-info.pdf
537,sep 26 10:27,Competitions_RFFI_list-2018_05.15-info.pdf
537,sep 26 10:27,Competitions_RFFI_list-2018_07.10-info.pdf
537,sep 26 10:27,Competitions_list-2017_01.09-info.pdf
537,sep 26 10:27,Competitions_list-2017_16.08-info.pdf
537,sep 26 10:27,Competitions_list-2017_22.08-info.pdf
537,sep 26 10:27,Competitions_list-2017_28.08-info.pdf
537,sep 26 10:27,Competitions_list_August-2017-info.pdf
537,sep 26 10:27,Competitive_selection_2016-Regulation-KD.pdf
537,sep 26 10:27,Competitive_selection_2016-Regulation.pdf
138963,sep 26 12:01,ConfPABCProgram_2023.pdf
22298,sep 26 12:55,Congreso_Anexos_rus_2025.docx
109786,sep 26 14:32,Course Syllabus (General Pedagogy).pdf
138672,sep 26 14:32,Course Syllabus (Pedagogical Theory and Conceptions).pdf
126569,sep 26 14:32,Course Syllabus (Preparation of Scientific Publications).pdf
124391,sep 26 14:32,Course Syllabus (Vocational Training Technologies).pdf
136864,sep 26 14:33,Course syllabus  MATHEMATICAL MODELS OF PROCESS AND SYSTEMS.pdf
126823,sep 26 14:32,Course syllabus (Model-analytical and Strategic Research Methods).pdf
130715,sep 26 14:33,Course syllabus ADVANCED PROBLEMS OF MATHEMATICAL PHYSICS.pdf
133539,sep 26 14:32,Course syllabus ASPT methods.pdf
84035,sep 26 14:33,Course syllabus MODERN Computer Technologies 2022.pdf
136461,sep 26 14:33,Course syllabus MODERN NUMERICAL METHODS IN MATHEMATICAL MODELING.pdf
134642,sep 26 14:33,Course syllabus Mathematical models in biology.pdf
137538,sep 26 14:33,Course syllabus Sociology of the Internet.pdf
110145,sep 26 14:33,Course syllabus sample (INTERNATIONAL STANDARDS FOR INTELLECTUAL - Арзуманян) — копия.pdf
129668,sep 26 14:33,Course syllabus sample (International standards for legal - Арзуманян).pdf
56758,sep 26 14:32,Course syllabus sample_Ecology of the city.pdf
57685,sep 26 14:32,Course syllabus sample_Environmental problems and environmental pollution.pdf
103428,sep 26 14:32,Course syllabus sample_Key Concepts in Urban and Cultural Studies.pdf
54623,sep 26 14:32,Course syllabus sample_Scientific research design of urban environment.pdf
54334,sep 26 14:32,Course syllabus sample_Territory branding.pdf
107022,sep 26 14:32,Course syllabus sample_Urban design project 4. Renovation of the urban environment.pdf
107038,sep 26 14:32,Course syllabus sample_Urban design project 5. Designing an environment based on the concept of identity.pdf
106679,sep 26 14:32,Course syllabus sample_Urban development.pdf
127920,sep 26 14:33,Course syllabus_Culture and Philosophy of Ancient Greece in Russian studies of Classics_2022.pdf
138654,sep 26 14:33,Course syllabus_Logical Argumentation and Critical Thinking_2022.pdf
74204,sep 26 14:33,Course syllabus_Methodology of Social Sciences and Humanities_2022.pdf
139648,sep 26 14:33,Course syllabus_Nedin.pdf
76033,sep 26 14:33,Course syllabus_Religions  .pdf
130346,sep 26 14:33,Course syllabus_Semiotic Studies in Russia and Development of the Humanities in Europe_2022.pdf
73246,sep 26 14:33,Course syllabus_Soviet Science and Science in Modern Russia_2022.pdf
72297,sep 26 14:33,Cutting-edge management in hotels and hospitality enterprises.pdf
537,sep 26 10:27,DGTU-conference-programm.rtf
6391245,sep 26 14:54,DSUFeedbackAnalysisReport.pdf
7781668,sep 26 14:54,DSUStakeholdersFeedbackATR.pdf
775086,sep 26 14:55,DSU_City_innovation_Campus_Programs_2025.pdf
988139,sep 26 14:55,DSU_Main_Campus_Programs_2025.pdf
332702,sep 26 14:54,DSU_Research_Ethics_Policy_2021.pdf
537,sep 26 10:27,Decree-502.pdf
456409,sep 26 08:34,Der.pdf
4308267,sep 26 11:48,Donnews-Mediakit.pdf
537,sep 26 10:27,EAU_activities_plan-2018.pdf
537,sep 26 10:28,EBBondarevskaia_conference-info.rtf
3798310,sep 26 14:51,E_brochure_08022024.pdf
137560,sep 26 14:33,Ecology of the city.pdf
521855,sep 26 11:23,Ecosystems.pdf
160002,sep 26 14:33,Entrepreneurship in Hospitality.pdf
537,sep 26 10:27,Errand_RFFI-form-v2.rtf
77247,sep 26 14:33,Excursion business.pdf
616727,apr 29 03:54,FCC-12-9A1.pdf
537,sep 26 10:27,FCP_competitions-notice.rtf
773312,sep 26 11:23,FK_sport.pdf
1003404,sep 26 12:31,FZ 273.rtf
3115481,sep 26 12:55,Folleto_cursos_ruso1.pdf
763168,sep 26 15:02,Freedom of Speech and Academic Freedom Code of Practice - v3.4.pdf
54219,sep 26 14:33,Fundamentals of Tourism.pdf
537,sep 26 10:27,GenerationS-info.rtf
471623,sep 26 15:00,Ghidul_Studentului_2023.pdf
21111166,apr 29 03:54,GlobalCriticalMineralsOutlook2024.pdf
537,sep 26 10:27,Government-order_220-notice.rtf
422558,apr 29 03:54,HEAD 4q2024 release 050324.pdf
2956803,sep 26 20:26,HS39_02.tif
6123047,sep 26 14:55,Harohalli_Hostel_Student_handbook.pdf
104084,sep 26 14:39,HiTech_Vitoshko.pdf
15140664,sep 26 14:39,Highlights 18.pdf
24152,sep 26 12:52,Horario_Aula_Hispánica_marzo-junio-2021.docx
778385,sep 26 12:55,How_to_get_enrolled_2025.pdf
513160,sep 26 14:54,IDP.pdf
1142131,sep 26 16:27,ID_2025.pdf
4861177,sep 26 14:57,INFN_NEXT_EU_FRAMEWORK_PROGRAMME_2024.pdf
198933,sep 26 14:54,IQACcell.pdf
946687,sep 26 09:56,IVD_2__1_Gorgorova.pdf_0704d8bae0.pdf
556606,sep 26 12:00,Informatsionnoe-pismo_2024.pdf
1803942,sep 26 12:55,Instr_test_2024.pdf
2557328,sep 26 15:42,Instr_test_2025.pdf
76662,sep 26 14:39,Integrated Marine Research Center.pdf
133894,sep 26 14:33,International transport law.pdf
2990028,sep 26 20:26,KA38_06.tif
158082,sep 26 16:28,KCP_asp_2025.pdf
357713,sep 26 16:28,KCP_bs_2025.pdf
331690,sep 26 16:28,KCP_mag_2025.pdf
513215,sep 26 10:28,KD_013.pdf
268267,sep 26 10:28,KD_014_rus.pdf
541532,sep 26 10:19,KD_SPA_2023.pdf
537,sep 26 10:27,KGU_conf-info.pdf
3012234,sep 26 18:38,KS07_07.tif
537,sep 26 10:28,Kleyner_seminar-info.pdf
1583065,sep 26 14:55,LLM_brochure_2025.pdf
537,sep 26 10:27,Letter_Pension_Fund_of_RF_on_RO.pdf
55533,sep 26 14:33,Life safety.pdf
154726,sep 26 14:56,List of Consultancy Projects and Services_01.04.2024.pdf
154726,sep 26 14:56,List of Patent Status_01.04.2024.pdf
154726,sep 26 14:56,List of Research Projects_Govt._01.04.2024-1.pdf
154726,sep 26 14:56,List of Research Projects_Industry_01.04.2024.pdf
1680176,sep 26 14:55,MBA_brochure_2025.pdf
2239231,sep 26 14:55,MCA_brochure_2025.pdf
3360267,sep 26 14:55,MSC_DS_2025.pdf
138075,sep 26 14:33,Management advances in hospitality.pdf
4321600,sep 26 11:47,Media-Kit_KG_2020.pdf
101676,sep 26 14:39,Modern Microscopy.pdf
133856,sep 26 14:33,Modern technology for improving the productivity of regional studies communications.pdf
78605,sep 26 14:39,Molecular_spectrostroscopy.pdf
537,sep 26 10:28,NIR_report-info.pdf
101286,sep 26 14:39,Nanotechnologies.pdf
537,sep 26 10:27,National_association_scientific_publications_conf-info.pdf
82090,sep 26 14:33,New managerial opportunities for modern organization.pdf
76465,sep 26 14:56,Notification & Invitation - 11th Convocation of Manipal University Jaipur.pdf
454846,sep 26 14:54,Ombadsuperson.pdf
8063610,sep 26 16:26,Otchet 2016.pdf
173478,sep 26 12:51,Otchet_2011.pdf
306274,sep 26 12:51,Otchet_2012.pdf
450691,sep 26 12:51,Otchet_2013.pdf
467359,sep 26 12:51,Otchet_2014_rus.pdf
722799,sep 26 12:51,Otchet_mezhdunarodnaya_deyatelnost_2016.pdf
668101,sep 26 12:51,Otchet_nauka_2016.pdf
77222,sep 26 14:33,Ovsepyan Course syllabus.pdf
823053,sep 26 14:03,P138_16.05.2023.pdf
1011838,sep 26 14:03,P142_22.05.2023.pdf
719040,sep 26 14:03,P146_24.05.2023.pdf
531544,sep 26 14:03,P148_25.05.2023.pdf
443887,sep 26 16:28,P201-OD.pdf
731110,sep 26 14:03,P207_23.06.2023.pdf
393469,sep 26 14:03,P232_18.07.2023.pdf
476182,sep 26 14:05,P248_2022.pdf
316058,sep 26 14:03,P280_01.11.2024.pdf
322961,sep 26 14:04,P67_24.03.2023.pdf
1618737,sep 26 14:19,P982.pdf
537,sep 26 10:27,PAC_968-P.pdf
20235761,sep 26 14:57,PCTE-2025.pdf
1410951,apr 29 03:54,PP BSM 2025.pdf
19804937,sep 26 12:32,PROGRAMMA FESTIVAL.pdf
646739,apr 29 03:54,Paulzovatelskoe_soglashenie_PAOSPB.pdf
209927,sep 26 13:52,Perechen_poruchenii.pdf
226617,sep 26 12:51,Planes2015_anodual_rus.pdf
361636,sep 26 12:51,Planes2015_rus.pdf
355985,sep 26 12:51,Planes2016_rus.pdf
268038,sep 26 11:46,Politika-PDN.pdf
237856,sep 26 15:01,Politika_privatnosti_UB.pdf
250506,sep 26 12:31,Postanovlenie Pravitelstva N 568.pdf
1951481,apr 29 03:54,PravilaPriema_2025_VO_izm_24.01.2025.pdf
117711,apr 29 03:54,Pravila_priema_2025_20_yanvarya.pdf
589738,apr 29 03:54,Pravila_priema_2025_na_sait.pdf
764408,apr 29 03:54,Pravila_priema_2025_v_SGUGiT_Bakalavriat_Specialitet.pdf
495816,apr 29 03:54,Pravila_priema_bac_spec_2025.pdf
537,sep 26 10:27,President_Grants-2018-info.rtf
1661239,sep 26 12:31,Prikaz 601.pdf
315896,sep 26 12:31,Prikaz П1421.pdf
537,sep 26 10:28,Prikaz-16124.pdf
537,sep 26 10:27,Prikaz-1627.pdf
537,sep 26 10:27,Prikaz-1643.pdf
537,sep 26 10:27,Prikaz-1678.pdf
537,sep 26 10:27,Prikaz-1724.pdf
537,sep 26 10:27,Prikaz-1725.pdf
537,sep 26 10:27,Prikaz-1801.pdf
537,sep 26 10:27,Prikaz-1845.pdf
537,sep 26 10:27,Prikaz-1845_Application1-Report.rtf
537,sep 26 10:27,Prikaz-1845_Application2-Act.rtf
537,sep 26 10:27,Prikaz-1846.pdf
537,sep 26 10:27,Prikaz-1846_Application1-Report.rtf
537,sep 26 10:27,Prikaz-1846_Application2-Act.rtf
537,sep 26 10:27,Prikaz-1928.pdf
537,sep 26 10:27,Prikaz-1928_Application1-Report_form.rtf
537,sep 26 10:27,Prikaz-1928_Application2-IC_codes.rtf
537,sep 26 10:27,Prikaz-200.pdf
537,sep 26 10:27,Prikaz-293-OD_Bachelor-Specialist.pdf
537,sep 26 10:27,Prikaz-363-OD.pdf
537,sep 26 10:27,Prikaz-428.pdf
537,sep 26 10:27,Prikaz-789.pdf
537,sep 26 10:27,Prikaz-876_Magistracy.pdf
537,sep 26 10:28,Prilogenie_Structural_division-report_form.rtf
537,sep 26 10:27,Prilozhieniie.pdf
533892,sep 26 16:23,Prioritet_itogi.pdf
197108,apr 29 03:54,Privacy_policy_upd.pdf
74127,sep 26 14:33,Prof.communication.pdf
458992,sep 26 12:54,Prog_stud_conf_Dec_es_2024_rus.pdf
537,sep 26 10:28,Program_Priority_directions.pdf
2554237,sep 26 15:00,Progress report on the implementation of the Excellence Initiative - Research University by TUL.pdf
393210,sep 26 14:21,Prot1_17.10.2024.pdf
216450,sep 26 14:21,Prot2_20.02.2025.pdf
195954,sep 26 14:21,Prot3_11.03.2025.pdf
375244,sep 26 14:21,Prot4_17.07.2025.pdf
466614,sep 26 13:52,Protokol N3 2022.pdf
407011,sep 26 13:52,Protokol_0.pdf
245496,sep 26 13:52,Protokol_04_02_2021.pdf
168903,sep 26 13:52,Protokol_1.pdf
188966,sep 26 13:52,Protokol_20.pdf
308924,sep 26 13:52,Protokol_6_06.09.2023.pdf
556125,sep 26 13:52,Protokol_prez_N2.pdf
121192,sep 26 14:56,Public Self Disclosure.pdf
1322502,sep 26 14:54,Public_Self_Disclosure_DSU.pdf
120270,sep 26 14:54,QC3.pdf
537,sep 26 10:26,RFFI-04.02.2021.pdf
537,sep 26 10:27,RFFI_Director-letter.pdf
537,sep 26 10:28,RFFI_and_RGNF-reports2015.pdf
1276706,sep 26 16:27,RSOCH_2025.pdf
9564735,sep 26 15:01,Raport_2024_EN.pdf
611632,sep 26 15:00,Raport_comisia_etica.pdf
537,sep 26 10:27,Rasporiagenie-1092-p.pdf
537,sep 26 10:27,Rasporiagenie-1092-p_report-form.rtf
537,sep 26 10:27,Rasporiagenie-1129-p.pdf
537,sep 26 10:27,Rasporiagenie-1129-p_Application-sample.rtf
537,sep 26 10:28,Rasporiagenie-1266-p.pdf
537,sep 26 10:27,Rasporiagenie-72-p.pdf
537,sep 26 10:26,RuCodeFestival-info.pdf
415371,sep 26 11:24,Russian_Cultural_Studies.pdf
23842587,sep 26 14:51,SELF_PORTRAIT_english_2025_ONLINE (1).pdf
1307438,sep 26 16:13,SFedU_.pdf
427192,sep 26 11:23,STEM.pdf
537,sep 26 10:27,Schools_of_sciences-info.pdf
17562188,sep 26 13:37,SciFinder Discovery Platform.pdf
3479448,sep 26 14:55,SoE_Brochure_2025.pdf
2296922,sep 26 14:55,SoL_Brochure.pdf
9353686,sep 26 12:55,Sobre_nosotros_2025_compressed.pdf
749113,sep 26 11:24,Sootv_asp_2025.pdf
926022,sep 26 11:20,Sootv_mag_2025.pdf
623006,sep 26 12:55,Spanish course A.pdf
636713,sep 26 12:55,Spanish course B.pdf
212162,sep 26 09:51,Spisok_citiruemosti_NII_Phys.docx
158985,sep 26 16:27,Spisok_indiv_dostig.pdf
4821472,apr 29 03:54,Sport24_Mediakit_2024.pdf
121796,sep 26 14:23,Sred_ZPL_Adm_2016.pdf
537,sep 26 10:27,StateTask_competition_updating-info.pdf
537,sep 26 10:28,StateTask_report_2015-info.pdf
73346,apr 29 03:54,Strategiya_razblokirovki_aktivov_SPB_Banka.pdf
537,sep 26 10:28,Structural_division_Report_Form.rtf
319294,sep 26 15:12,Structure_20190114.pdf
154726,sep 26 14:56,Student-Exchange-Policy.pdf
537,sep 26 10:28,THOMSON_REUTERS-info.pdf
407065,sep 26 14:54,Telephone_Directory1.pdf
270068,apr 29 03:54,Terms_of_service_upd.pdf
279808,sep 26 12:53,Tesis_kruglii_stol_1.pdf
122032,sep 26 14:39,The_SRC.pdf
132571,sep 26 14:33,Theory and methodology of research and teaching in hospitality industry.pdf
293846,sep 26 12:53,Thesis_kruglii_stol.pdf
125499,sep 26 14:33,Tourism development.pdf
105638,sep 26 14:39,TsKP_Biotekhnologia_biomeditsina_i_ekologicheskiy_monitoring_Babeshko.pdf
53613814,sep 26 14:54,UGC-Form-Annexures.pdf
275697,sep 26 14:54,UGC-Proforma.pdf
137925,sep 26 14:57,UGC-Public-Self-Disclosure-document.pdf
3058349,sep 26 14:49,UKS_Campus_Map_English.pdf
908547,sep 26 12:31,Ukaz Prezidenta 226.rtf
310319,sep 26 12:31,Ukaz Prezidenta 364_15.06.15.rtf
156651,sep 26 12:31,Ukaz Prezidenta 378.pdf
1683064,sep 26 12:31,Ukaz Prezidenta 478_16.08.21.pdf
1176682,sep 26 11:21,Urban_Design.pdf
169795,apr 29 03:54,VKCT_Soglashenie_ob_informacionnom_vzaimodeistvii.pdf
169466,apr 29 03:54,VK_Soglashenie_ob_informacionnom_vzaimodeistvii.pdf
377738,sep 26 16:27,VSOCH_2025.pdf
213518,sep 26 12:53,Vistavka_rus-iaz.pdf
255755,sep 26 12:55,Vtoroe_informatcionnoe_pis`mo_Kongress_2025.pdf
537,sep 26 10:27,Webinar-info.pdf
689466,apr 29 03:53,XqJIoh9Q8MA.jpg
2478675,sep 26 09:43,accreditation.pdf
1973869,sep 26 14:55,aerospace_engg_2025.pdf
537,sep 26 10:27,agreement.pdf
190831,apr 29 03:54,agreement_reg.pdf
174244,apr 29 03:54,agreement_reg_extra.pdf
1750,mar 23 09:57,akt_priema_peredachi_rabochego_mesta.txt
3681893,sep 26 14:55,allied_health_sciences_2025.pdf
571104,sep 26 15:36,anatom_fiziolog.pdf
1385,mar 23 09:57,anketa_dms.txt
74690,sep 26 09:44,annot_spec.pdf
311824,sep 26 15:12,ar_1.pdf
898041,sep 26 15:15,arh_komp.pdf
696914,sep 26 15:02,aydınlatma metni - Copy 2.pdf
276819,sep 26 11:21,besp_s.pdf
252912,sep 26 11:21,bezop_komp.pdf
1436982,sep 26 15:41,bio.pdf
1459204,sep 26 15:47,bio_ino.pdf
1531454,sep 26 14:55,bpharma_2025.pdf
1251076,sep 26 14:55,bpt_2025.pdf
888930,sep 26 14:55,bsc_msc_nursing_2025.pdf
490887,sep 26 10:27,c50dea3311d9c12cf6e941d47f574300.pdf
909626,apr 29 03:54,capsula_instruction.pdf
2115390,apr 29 03:54,capsula_neo_instruction.pdf
482298,sep 26 15:15,cher.pdf
383651,sep 26 14:07,chislen0603.pdf
4265542,sep 26 22:01,client.parquet
1109642,sep 26 22:01,company.parquet
537,sep 26 10:27,competitions_list-2018_15.10-info.pdf
537,sep 26 10:26,competitions_list-2020_15.04-info.pdf
616410,sep 26 11:38,confl25.pdf
381429,sep 26 12:09,contests.pdf
890131,sep 26 14:57,copy_of_shortlist-of-recommended-courses-2022-2023-21-09-2022.pdf
653987,sep 26 12:09,cpgz2j07avd690b8sv0s21rxpuypsq9t.pdf
650666,sep 26 21:59,customers.csv
650666,nov 09 19:41,customers.csv
401292,sep 26 10:26,d1e7a0684a9e51c599fb223264e96189.pdf
743305,sep 26 15:41,diz_komp.pdf
85292,sep 26 12:56,do-market-commentary-global-disclosure.pdf
32438,apr 29 03:54,dopnabor-2023.pdf
1562,mar 23 09:57,doverennost_na_poluchenie_posylki.txt
293788,sep 26 14:54,dsu-symposium-2024.pdf
883230,sep 26 10:27,e341c346955f24a09fba0a84d37a870a.pdf
5087209,sep 26 14:55,ece_2025.pdf
462472,sep 26 12:09,edvr4ufwv5zh72zrpiplz60e2rtwethf.pdf
354542,sep 26 11:23,eko_geo.pdf
308318,sep 26 11:21,eko_mon.pdf
368715,sep 26 11:21,eko_str.pdf
394254,sep 26 15:15,ekol_prirod.pdf
87978,sep 26 12:56,emir-frandt-disclosure.pdf
99791,sep 26 12:56,emir-frandt-request-for-proposal.pdf
273125,sep 26 11:21,ergo.pdf
102397,sep 26 12:09,f1m24swvehna3obtnn9xofw2bff4emsq.pdf
528582,sep 26 16:24,f985xk95uk352rnl7d2guv812ndifv14.pdf
528897,sep 26 10:27,fb66cb01477a968bfe786611fb0eea9b.pdf
289054,sep 26 11:21,fin_teh.pdf
562649,sep 26 15:45,fis_podg_ino.pdf
729440,sep 26 15:31,fk.pdf
537,sep 26 10:27,formo.rtf
153775,sep 26 12:51,formulario_inscripcion_dele_2022.pdf
1505146,sep 26 15:01,gender_equality_plan.pdf
369001,sep 26 15:39,geo.pdf
282136,sep 26 11:21,geo_inf.pdf
369691,sep 26 15:47,geo_ino.pdf
305228,sep 26 15:39,geolog.pdf
312919,sep 26 15:14,gidrolog.pdf
563900,sep 26 16:24,gk6wsflsno7xkvnynehy33ugy7n098ue.pdf
422415,sep 26 15:42,gl_VII_exam_P120-OD_reglament_PK.pdf
421973,sep 26 15:42,gl_VI_P120-OD_reglament_PK.pdf
520724,sep 26 15:42,gl_V_exam_P120-OD_reglament_PK.pdf
446501,sep 26 13:58,google_terms_of_service_en_eu.pdf
458718,sep 26 14:33,google_terms_of_service_nl_eu.pdf
2816700,sep 26 14:58,goslicense.pdf
1150291,sep 26 15:37,hud_of.pdf
436682,sep 26 15:03,ichki_tartib_qoidalar_2024.pdf
287762,sep 26 14:01,incidents.json
537,sep 26 10:27,inf2016.pdf
1360032,sep 26 15:39,inf_teh.pdf
628236,sep 26 15:41,informatika.pdf
426206,sep 26 16:28,ingak_description.pdf
41092,sep 26 14:25,ipa2014 (1).docx
278145,sep 26 11:21,isk_int.pdf
530203,sep 26 15:15,ist_arh.pdf
552701,sep 26 15:41,ist_isk.pdf
291739,sep 26 15:27,ist_soc_rab.pdf
265929,sep 26 11:21,it_resh.pdf
497276,sep 26 11:23,izo.pdf
89736,sep 26 10:28,izveshenie-015.pdf
83916,sep 26 10:28,izveshenie_013.pdf
88054,sep 26 10:28,izveshenie_014.pdf
47302,sep 26 09:45,katalog_app_baki.pdf
47338,sep 26 09:45,katalog_app_magistri.pdf
396318,sep 26 16:27,kol_vo_m.pdf
405002,sep 26 15:42,kol_vo_m_ino_dop.pdf
407878,sep 26 16:27,kol_vo_mag.pdf
1606586,sep 26 15:39,komp_teh.pdf
32886,sep 26 12:18,letter1.pdf
370318,sep 26 15:48,lit_ino.pdf
29257272,sep 26 15:00,lodz-university-of-technology-on-the-path-of-sustainable-development_0.pdf
3563943,sep 26 21:59,logistics.csv
3563943,nov 09 19:41,logistics.csv
570149,sep 26 15:46,m_lit.pdf
288269,sep 26 11:21,mash_ob.pdf
340103,sep 26 11:21,mat_mod.pdf
757432,sep 26 15:41,matematika.pdf
498370,sep 26 15:47,matematika_ino.pdf
3704541,sep 26 09:57,mc201109.pdf
4660507,sep 26 09:57,mc201205.pdf
3835652,sep 26 09:57,mc201308.pdf
726098,apr 29 03:54,mcs2025-rare-earths.pdf
5142382,sep 26 14:55,mechanical_engg_2025.pdf
313577,sep 26 15:14,meteorolog.pdf
1062112,sep 26 15:32,metod_prof.pdf
761153,sep 26 16:27,metod_r.pdf
2531544,sep 26 14:55,mpharma_2025.pdf
1536879,sep 26 14:55,mpt_2025.pdf
1680401,sep 26 14:55,mtech_2025.pdf
617249,sep 26 14:58,ni_grant.pdf
267307,sep 26 11:21,obrab_inf.pdf
475490,sep 26 15:41,obsh.pdf
531011,sep 26 15:21,obsh_e.pdf
48562,apr 29 03:54,ok_history_new.pdf
701917,sep 26 15:40,osn_alg.pdf
514541,sep 26 15:32,osn_bio.pdf
690810,sep 26 15:40,osn_el.pdf
390524,sep 26 15:32,osn_geo_obr.pdf
828450,sep 26 15:34,osn_hud_d.pdf
498109,sep 26 15:34,osn_mat_obr.pdf
196197,sep 26 15:29,osn_serv.pdf
671798,sep 26 15:34,osn_soc_ped.pdf
434678,sep 26 15:27,osn_soc_rab.pdf
600615,sep 26 15:29,osn_turism.pdf
106823,sep 26 09:34,osob_prava.pdf
246378,sep 26 16:27,otbor_k.pdf
536186,sep 26 14:07,p805_2021.pdf
657141,apr 29 03:53,page_1.html
11200,apr 29 03:53,page_10.html
583580,apr 29 03:53,page_100.html
619001,apr 29 03:53,page_101.html
618501,apr 29 03:53,page_102.html
618734,apr 29 03:53,page_103.html
619001,apr 29 03:53,page_104.html
619166,apr 29 03:53,page_105.html
618277,apr 29 03:53,page_106.html
617886,apr 29 03:53,page_107.html
618399,apr 29 03:53,page_108.html
619072,apr 29 03:53,page_109.html
657324,apr 29 03:53,page_110.html
657355,apr 29 03:53,page_111.html
617632,apr 29 03:53,page_112.html
618551,apr 29 03:53,page_113.html
619699,apr 29 03:53,page_114.html
619005,apr 29 03:53,page_115.html
618689,apr 29 03:53,page_116.html
618591,apr 29 03:53,page_117.html
618825,apr 29 03:53,page_118.html
618721,apr 29 03:53,page_119.html
580606,apr 29 03:53,page_12.html
657324,apr 29 03:53,page_120.html
576988,apr 29 03:53,page_121.html
578018,apr 29 03:53,page_122.html
579204,apr 29 03:53,page_123.html
142399,apr 29 03:53,page_124.html
10214,apr 29 03:53,page_125.html
583579,apr 29 03:53,page_127.html
141862,apr 29 03:53,page_128.html
582401,apr 29 03:53,page_129.html
116754,apr 29 03:53,page_130.html
117242,apr 29 03:53,page_131.html
117196,apr 29 03:53,page_132.html
9887,apr 29 03:53,page_133.html
583579,apr 29 03:53,page_135.html
141413,apr 29 03:53,page_136.html
582402,apr 29 03:53,page_137.html
577673,apr 29 03:53,page_138.html
141717,apr 29 03:53,page_139.html
578607,apr 29 03:53,page_14.html
9794,apr 29 03:53,page_140.html
583581,apr 29 03:53,page_142.html
582403,apr 29 03:53,page_143.html
582401,apr 29 03:53,page_144.html
582403,apr 29 03:53,page_145.html
582399,apr 29 03:53,page_146.html
116754,apr 29 03:53,page_147.html
116733,apr 29 03:53,page_148.html
116748,apr 29 03:53,page_149.html
609804,apr 29 03:53,page_15.html
116753,apr 29 03:53,page_150.html
116749,apr 29 03:53,page_151.html
116775,apr 29 03:53,page_152.html
116749,apr 29 03:53,page_153.html
117118,apr 29 03:53,page_154.html
117071,apr 29 03:53,page_155.html
9608,apr 29 03:53,page_156.html
583581,apr 29 03:53,page_158.html
1099363,apr 29 03:53,page_159.html
578235,apr 29 03:53,page_16.html
636254,apr 29 03:53,page_160.html
577651,apr 29 03:53,page_161.html
141718,apr 29 03:53,page_162.html
9791,apr 29 03:53,page_163.html
583580,apr 29 03:53,page_165.html
803356,apr 29 03:53,page_166.html
693320,apr 29 03:53,page_167.html
870519,apr 29 03:53,page_168.html
690485,apr 29 03:53,page_169.html
586258,apr 29 03:53,page_17.html
1048487,apr 29 03:53,page_170.html
700004,apr 29 03:53,page_171.html
1125250,apr 29 03:53,page_172.html
669057,apr 29 03:53,page_173.html
670015,apr 29 03:53,page_175.html
727969,apr 29 03:53,page_176.html
577190,apr 29 03:53,page_177.html
657420,apr 29 03:53,page_178.html
651704,apr 29 03:53,page_179.html
576953,apr 29 03:53,page_18.html
598814,apr 29 03:53,page_180.html
141544,apr 29 03:53,page_181.html
9689,apr 29 03:53,page_182.html
583581,apr 29 03:53,page_184.html
577504,apr 29 03:53,page_185.html
727969,apr 29 03:53,page_186.html
598741,apr 29 03:53,page_187.html
659104,apr 29 03:53,page_188.html
670024,apr 29 03:53,page_189.html
638423,apr 29 03:53,page_19.html
657420,apr 29 03:53,page_190.html
668339,apr 29 03:53,page_191.html
649445,apr 29 03:53,page_192.html
665625,apr 29 03:53,page_193.html
651704,apr 29 03:53,page_194.html
1026077,apr 29 03:53,page_195.html
579145,apr 29 03:53,page_196.html
829389,apr 29 03:53,page_197.html
586122,apr 29 03:53,page_198.html
579526,apr 29 03:53,page_199.html
657578,apr 29 03:53,page_2.html
576209,apr 29 03:53,page_20.html
659067,apr 29 03:53,page_200.html
661679,apr 29 03:53,page_201.html
650587,apr 29 03:53,page_202.html
759118,apr 29 03:53,page_203.html
650719,apr 29 03:53,page_204.html
663875,apr 29 03:53,page_205.html
656829,apr 29 03:53,page_206.html
746501,apr 29 03:53,page_207.html
657729,apr 29 03:53,page_208.html
730352,apr 29 03:53,page_209.html
577161,apr 29 03:53,page_21.html
657771,apr 29 03:53,page_210.html
649307,apr 29 03:53,page_211.html
649701,apr 29 03:53,page_212.html
654391,apr 29 03:53,page_213.html
649362,apr 29 03:53,page_214.html
657328,apr 29 03:53,page_215.html
695557,apr 29 03:53,page_216.html
651189,apr 29 03:53,page_217.html
671152,apr 29 03:53,page_218.html
648935,apr 29 03:53,page_219.html
594076,apr 29 03:53,page_22.html
651914,apr 29 03:53,page_220.html
651638,apr 29 03:53,page_221.html
651766,apr 29 03:53,page_222.html
649521,apr 29 03:53,page_223.html
656655,apr 29 03:53,page_224.html
657144,apr 29 03:53,page_225.html
649149,apr 29 03:53,page_226.html
749679,apr 29 03:53,page_227.html
665269,apr 29 03:53,page_228.html
650840,apr 29 03:53,page_229.html
577175,apr 29 03:53,page_23.html
709312,apr 29 03:53,page_230.html
656521,apr 29 03:53,page_231.html
657815,apr 29 03:53,page_232.html
657086,apr 29 03:53,page_233.html
728539,apr 29 03:53,page_234.html
648732,apr 29 03:53,page_235.html
673644,apr 29 03:53,page_236.html
660518,apr 29 03:53,page_237.html
657860,apr 29 03:53,page_238.html
668339,apr 29 03:53,page_239.html
576998,apr 29 03:53,page_24.html
578215,apr 29 03:53,page_240.html
579371,apr 29 03:53,page_241.html
142491,apr 29 03:53,page_242.html
10268,apr 29 03:53,page_243.html
583579,apr 29 03:53,page_245.html
142010,apr 29 03:53,page_246.html
582401,apr 29 03:53,page_247.html
116754,apr 29 03:53,page_248.html
117282,apr 29 03:53,page_249.html
141499,apr 29 03:53,page_25.html
117236,apr 29 03:53,page_250.html
9971,apr 29 03:53,page_251.html
583580,apr 29 03:53,page_253.html
618279,apr 29 03:53,page_254.html
577567,apr 29 03:53,page_255.html
141700,apr 29 03:53,page_256.html
9767,apr 29 03:53,page_257.html
583580,apr 29 03:53,page_259.html
9656,apr 29 03:53,page_26.html
618230,apr 29 03:53,page_260.html
577523,apr 29 03:53,page_261.html
141658,apr 29 03:53,page_262.html
9755,apr 29 03:53,page_263.html
583580,apr 29 03:53,page_265.html
624170,apr 29 03:53,page_266.html
577496,apr 29 03:53,page_267.html
141643,apr 29 03:53,page_268.html
9746,apr 29 03:53,page_269.html
583580,apr 29 03:53,page_271.html
1131938,apr 29 03:53,page_272.html
578013,apr 29 03:53,page_273.html
141733,apr 29 03:53,page_274.html
9812,apr 29 03:53,page_275.html
583579,apr 29 03:53,page_277.html
618246,apr 29 03:53,page_278.html
618435,apr 29 03:53,page_279.html
583579,apr 29 03:53,page_28.html
618788,apr 29 03:53,page_280.html
618487,apr 29 03:53,page_281.html
619008,apr 29 03:53,page_282.html
619544,apr 29 03:53,page_283.html
618886,apr 29 03:53,page_284.html
618645,apr 29 03:53,page_285.html
618532,apr 29 03:53,page_286.html
618831,apr 29 03:53,page_287.html
618531,apr 29 03:53,page_288.html
619410,apr 29 03:53,page_289.html
577869,apr 29 03:53,page_29.html
619092,apr 29 03:53,page_290.html
618881,apr 29 03:53,page_291.html
618024,apr 29 03:53,page_292.html
618457,apr 29 03:53,page_293.html
618153,apr 29 03:53,page_294.html
618575,apr 29 03:53,page_295.html
618006,apr 29 03:53,page_296.html
618132,apr 29 03:53,page_297.html
618182,apr 29 03:53,page_298.html
618271,apr 29 03:53,page_299.html
645479,apr 29 03:53,page_3.html
623912,apr 29 03:53,page_30.html
620126,apr 29 03:53,page_300.html
619227,apr 29 03:53,page_301.html
619697,apr 29 03:53,page_302.html
618942,apr 29 03:53,page_303.html
618753,apr 29 03:53,page_304.html
618427,apr 29 03:53,page_305.html
623654,apr 29 03:53,page_306.html
608020,apr 29 03:53,page_307.html
618899,apr 29 03:53,page_308.html
617343,apr 29 03:53,page_309.html
618327,apr 29 03:53,page_31.html
618989,apr 29 03:53,page_310.html
617795,apr 29 03:53,page_311.html
623675,apr 29 03:53,page_312.html
618305,apr 29 03:53,page_313.html
618099,apr 29 03:53,page_314.html
618833,apr 29 03:53,page_315.html
618982,apr 29 03:53,page_316.html
618394,apr 29 03:53,page_317.html
618850,apr 29 03:53,page_318.html
618655,apr 29 03:53,page_319.html
618911,apr 29 03:53,page_32.html
618917,apr 29 03:53,page_320.html
618701,apr 29 03:53,page_321.html
619032,apr 29 03:53,page_322.html
619283,apr 29 03:53,page_323.html
619320,apr 29 03:53,page_324.html
618922,apr 29 03:53,page_325.html
618642,apr 29 03:53,page_326.html
618746,apr 29 03:53,page_327.html
619082,apr 29 03:53,page_328.html
618950,apr 29 03:53,page_329.html
618731,apr 29 03:53,page_33.html
618987,apr 29 03:53,page_330.html
617830,apr 29 03:53,page_331.html
618971,apr 29 03:53,page_332.html
618596,apr 29 03:53,page_333.html
623952,apr 29 03:53,page_334.html
624053,apr 29 03:53,page_335.html
618522,apr 29 03:53,page_336.html
618568,apr 29 03:53,page_337.html
624047,apr 29 03:53,page_338.html
618816,apr 29 03:53,page_339.html
623981,apr 29 03:53,page_34.html
618301,apr 29 03:53,page_340.html
624077,apr 29 03:53,page_341.html
618926,apr 29 03:53,page_342.html
618745,apr 29 03:53,page_343.html
617467,apr 29 03:53,page_344.html
618492,apr 29 03:53,page_345.html
618537,apr 29 03:53,page_346.html
618563,apr 29 03:53,page_347.html
618597,apr 29 03:53,page_348.html
617769,apr 29 03:53,page_349.html
624044,apr 29 03:53,page_35.html
624015,apr 29 03:53,page_350.html
624003,apr 29 03:53,page_351.html
623696,apr 29 03:53,page_352.html
618334,apr 29 03:53,page_353.html
618104,apr 29 03:53,page_354.html
624007,apr 29 03:53,page_355.html
624048,apr 29 03:53,page_356.html
623836,apr 29 03:53,page_357.html
618616,apr 29 03:53,page_358.html
617475,apr 29 03:53,page_359.html
618669,apr 29 03:53,page_36.html
618357,apr 29 03:53,page_360.html
618707,apr 29 03:53,page_361.html
618487,apr 29 03:53,page_362.html
619408,apr 29 03:53,page_363.html
618642,apr 29 03:53,page_364.html
617432,apr 29 03:53,page_365.html
618610,apr 29 03:53,page_366.html
618770,apr 29 03:53,page_367.html
618785,apr 29 03:53,page_368.html
618593,apr 29 03:53,page_369.html
623987,apr 29 03:53,page_37.html
618463,apr 29 03:53,page_370.html
619602,apr 29 03:53,page_371.html
618835,apr 29 03:53,page_372.html
619123,apr 29 03:53,page_373.html
618084,apr 29 03:53,page_374.html
618767,apr 29 03:53,page_375.html
618907,apr 29 03:53,page_376.html
618780,apr 29 03:53,page_377.html
618794,apr 29 03:53,page_378.html
618959,apr 29 03:53,page_379.html
617836,apr 29 03:53,page_38.html
618232,apr 29 03:53,page_380.html
618764,apr 29 03:53,page_381.html
618672,apr 29 03:53,page_382.html
618458,apr 29 03:53,page_383.html
618790,apr 29 03:53,page_384.html
618108,apr 29 03:53,page_385.html
618807,apr 29 03:53,page_386.html
618762,apr 29 03:53,page_387.html
624310,apr 29 03:53,page_388.html
617729,apr 29 03:53,page_389.html
618578,apr 29 03:53,page_39.html
618506,apr 29 03:53,page_390.html
618905,apr 29 03:53,page_391.html
618807,apr 29 03:53,page_392.html
624308,apr 29 03:53,page_393.html
1144497,apr 29 03:53,page_394.html
623912,apr 29 03:53,page_395.html
1141501,apr 29 03:53,page_396.html
1020128,apr 29 03:53,page_397.html
1103360,apr 29 03:53,page_398.html
1017603,apr 29 03:53,page_399.html
603961,apr 29 03:53,page_4.html
618033,apr 29 03:53,page_40.html
1113127,apr 29 03:53,page_400.html
1004530,apr 29 03:53,page_401.html
623982,apr 29 03:53,page_402.html
1176997,apr 29 03:54,page_403.html
1058931,apr 29 03:54,page_404.html
1117099,apr 29 03:54,page_405.html
768967,apr 29 03:54,page_406.html
1098748,apr 29 03:54,page_407.html
977178,apr 29 03:54,page_408.html
624044,apr 29 03:54,page_409.html
592551,apr 29 03:54,page_41.html
1129558,apr 29 03:54,page_410.html
1306360,apr 29 03:54,page_411.html
1139217,apr 29 03:54,page_412.html
625773,apr 29 03:54,page_413.html
1217417,apr 29 03:54,page_414.html
737939,apr 29 03:54,page_415.html
1106314,apr 29 03:54,page_416.html
1002576,apr 29 03:54,page_417.html
1092484,apr 29 03:54,page_418.html
1039833,apr 29 03:54,page_419.html
579621,apr 29 03:54,page_42.html
624035,apr 29 03:54,page_420.html
1157900,apr 29 03:54,page_421.html
817693,apr 29 03:54,page_422.html
1136009,apr 29 03:54,page_423.html
765318,apr 29 03:54,page_424.html
1074101,apr 29 03:54,page_425.html
1021568,apr 29 03:54,page_426.html
624975,apr 29 03:54,page_427.html
1110151,apr 29 03:54,page_428.html
891083,apr 29 03:54,page_429.html
1156757,apr 29 03:54,page_430.html
992423,apr 29 03:54,page_431.html
1232001,apr 29 03:54,page_432.html
793936,apr 29 03:54,page_433.html
625731,apr 29 03:54,page_434.html
1151761,apr 29 03:54,page_435.html
790194,apr 29 03:54,page_436.html
1089699,apr 29 03:54,page_437.html
1098278,apr 29 03:54,page_438.html
595080,apr 29 03:54,page_439.html
316104,apr 29 03:54,page_44.html
593495,apr 29 03:54,page_440.html
625257,apr 29 03:54,page_441.html
1106695,apr 29 03:54,page_442.html
1046562,apr 29 03:54,page_443.html
1109926,apr 29 03:54,page_444.html
834884,apr 29 03:54,page_445.html
1232717,apr 29 03:54,page_446.html
768052,apr 29 03:54,page_447.html
608018,apr 29 03:54,page_448.html
1124961,apr 29 03:54,page_449.html
961378,apr 29 03:54,page_45.html
769105,apr 29 03:54,page_450.html
1183195,apr 29 03:54,page_451.html
761260,apr 29 03:54,page_452.html
1192699,apr 29 03:54,page_453.html
625947,apr 29 03:54,page_454.html
1237062,apr 29 03:54,page_455.html
1021521,apr 29 03:54,page_456.html
1140455,apr 29 03:54,page_457.html
1018982,apr 29 03:54,page_458.html
1148042,apr 29 03:54,page_459.html
362546,apr 29 03:54,page_46.html
1073939,apr 29 03:54,page_460.html
626333,apr 29 03:54,page_461.html
1107298,apr 29 03:54,page_462.html
987656,apr 29 03:54,page_463.html
1157101,apr 29 03:54,page_464.html
1057814,apr 29 03:54,page_465.html
1239988,apr 29 03:54,page_466.html
1298228,apr 29 03:54,page_467.html
626182,apr 29 03:54,page_468.html
1139873,apr 29 03:54,page_469.html
1015806,apr 29 03:54,page_470.html
1142065,apr 29 03:54,page_471.html
866887,apr 29 03:54,page_472.html
1079067,apr 29 03:54,page_473.html
1034237,apr 29 03:54,page_474.html
626373,apr 29 03:54,page_475.html
1114865,apr 29 03:54,page_476.html
776455,apr 29 03:54,page_477.html
1134325,apr 29 03:54,page_478.html
1038132,apr 29 03:54,page_479.html
597377,apr 29 03:54,page_48.html
1157314,apr 29 03:54,page_480.html
1005066,apr 29 03:54,page_481.html
626616,apr 29 03:54,page_482.html
1131814,apr 29 03:54,page_483.html
970405,apr 29 03:54,page_484.html
1120586,apr 29 03:54,page_485.html
312955,apr 29 03:54,page_486.html
1107502,apr 29 03:54,page_49.html
966315,apr 29 03:54,page_5.html
577385,apr 29 03:54,page_50.html
593854,apr 29 03:54,page_51.html
1042858,apr 29 03:54,page_52.html
612621,apr 29 03:54,page_53.html
1066419,apr 29 03:54,page_54.html
1050384,apr 29 03:54,page_55.html
592378,apr 29 03:54,page_56.html
581436,apr 29 03:54,page_57.html
577121,apr 29 03:54,page_58.html
578171,apr 29 03:54,page_59.html
595455,apr 29 03:54,page_6.html
141934,apr 29 03:54,page_60.html
9929,apr 29 03:54,page_61.html
583580,apr 29 03:54,page_63.html
141497,apr 29 03:54,page_64.html
582401,apr 29 03:54,page_65.html
116754,apr 29 03:54,page_66.html
117133,apr 29 03:54,page_67.html
117088,apr 29 03:54,page_68.html
657322,apr 29 03:54,page_69.html
576861,apr 29 03:54,page_70.html
657321,apr 29 03:54,page_72.html
9644,apr 29 03:54,page_74.html
583580,apr 29 03:54,page_77.html
578495,apr 29 03:54,page_78.html
142060,apr 29 03:54,page_79.html
9995,apr 29 03:54,page_80.html
583580,apr 29 03:54,page_82.html
582160,apr 29 03:54,page_83.html
582159,apr 29 03:54,page_84.html
582183,apr 29 03:54,page_85.html
582167,apr 29 03:54,page_86.html
577043,apr 29 03:54,page_89.html
116777,apr 29 03:54,page_9.html
578102,apr 29 03:54,page_90.html
141922,apr 29 03:54,page_91.html
9917,apr 29 03:54,page_92.html
583581,apr 29 03:54,page_94.html
645667,apr 29 03:54,page_95.html
577384,apr 29 03:54,page_96.html
141587,apr 29 03:54,page_97.html
9716,apr 29 03:54,page_98.html
189474,sep 26 16:28,pamyatka.pdf
426292,sep 26 11:23,ped_d.pdf
581043,sep 26 15:33,ped_doshk.pdf
760694,sep 26 15:33,ped_nach.pdf
983227,sep 26 15:34,pedagogika.pdf
1689,mar 23 09:57,perepiska_email_dostavka_kresla.txt
216322,sep 26 14:21,pfhd_2023_01.pdf
216464,sep 26 14:21,pfhd_2023_02.pdf
215469,sep 26 14:21,pfhd_2024.pdf
216205,sep 26 14:21,pfhd_2024_01.pdf
216322,sep 26 14:21,pfhd_2024_02.pdf
215672,sep 26 14:21,pfhd_2025.pdf
216162,sep 26 14:21,pfhd_2025_01.pdf
216272,sep 26 14:21,pfhd_2025_02.pdf
198370,sep 26 15:40,ph.pdf
211104,sep 26 15:43,ph_ino.pdf
2348790,sep 26 14:55,pharm_d_2025.pdf
108414,sep 26 14:33,physical Culture and sport.pdf
8879363,sep 26 22:01,physical.parquet
275214,sep 26 14:42,plan-meropriyatij-bgtu-k-80-letiyu-osvobozhdeniya.pdf
336913,sep 26 11:50,politika-obrabotki-dannyh-tassru.docx
152579,apr 29 03:54,politika_konfidencialnosti.pdf
237371,sep 26 14:04,polozhenie_econom.pdf
603173,sep 26 12:55,polozhenie_o_thesis_2024.pdf
195486,sep 26 16:28,poriadok_otbora.pdf
844578,sep 26 14:25,poryadok asp 1259.docx
388241,sep 26 09:47,posih.pdf
629001,apr 29 03:54,pp-bsm.pdf
5677731,sep 26 13:52,pr10_15092012.pdf
433000,sep 26 14:42,pravila-vnutrennego-trudovogo-rasporyadka-bgtu.pdf
905628,apr 29 03:54,pravila_priema_v_bakalavriat_spetsialitet_bazov_vo_magistraturu_spets_vo_na_2025-26.pdf
342662,apr 29 03:54,preprint-frn-2023-critical-materials-list.pdf
100787,sep 26 11:48,price-2025.pdf
86605,apr 29 03:54,price-list.pdf
537,sep 26 10:26,prikaz-152.pdf
537,sep 26 10:26,prikaz-2423.pdf
537,sep 26 10:26,prikaz-2428.pdf
537,sep 26 10:26,prikaz-393.pdf
293335,sep 26 11:21,prikl_mat.pdf
116450,apr 29 03:54,pril1_14112652.pdf
770454,sep 26 12:33,processing__agreement.pdf
73815,sep 26 21:59,products.csv
73815,nov 09 19:41,products.csv
395782,sep 26 12:03,program.pdf
139261,sep 26 13:52,protokol_21.pdf
143239,sep 26 13:52,protokol_25.pdf
752930,sep 26 15:31,psih_obr.pdf
247043,sep 26 12:30,rasp1426-p_20140814.pdf
184930,sep 26 12:30,rasp167H_20130426.pdf
523280,sep 26 12:30,rasp2190-p_20121126.pdf
241783,sep 26 12:30,rasp504_20130930.pdf
590791,sep 26 12:30,rasp722-p_20140430.pdf
125912,sep 26 15:42,rasp_dop_mag.pdf
388554,sep 26 13:52,rasp_prezRF.pdf
1542,mar 23 09:57,raspiska_poluchenie_noutbuka.txt
377278,apr 29 03:54,rbc.pdf
2735325,sep 26 12:02,report_07112022.pdf
101559,sep 26 14:30,requirements.pdf
360471,sep 26 12:32,requisites.pdf
537,sep 26 10:27,rffi_competitions_list-2018_13.02-info.pdf
537,sep 26 15:56,rid_registration_procedure-presentation.pdf
742433,sep 26 15:43,ris_cher.pdf
1099930,sep 26 15:48,ris_zhiv.pdf
167029,sep 26 14:03,rp23-11-2006-N1616-p.pdf
210217,apr 29 03:54,rules.pdf
1767192,apr 29 03:54,rules_01_2025.pdf
395975,sep 26 15:48,ry_ino.pdf
7551547,sep 26 14:05,samoobsled_2024.pdf
11023,sep 26 21:59,sample.md
11023,nov 09 19:41,sample.md
1391,mar 23 09:57,servisnaya_zayavka_vyezd_inzhenera.txt
3523790,sep 26 12:20,social2023.pdf
4615752,sep 26 12:20,social2024.pdf
292997,sep 26 11:29,soglasie_leadplan.pdf
2138,mar 23 09:57,soglasie_na_obrabotku_pd.txt
1343927,sep 26 15:21,spec_him.pdf
679001,sep 26 15:32,spec_ped.pdf
13599,sep 26 14:59,spisok_shablon.docx
562819,sep 26 15:46,sport_podg_ino.pdf
707864,sep 26 15:36,sport_sover.pdf
204354,sep 26 14:23,sred_zp_adm_2017.pdf
1859823,sep 26 14:04,standing order about Scientific research institute  of Physics.pdf
878,sep 26 21:59,stores.csv
878,nov 09 19:41,stores.csv
336531,sep 26 15:39,stranoved.pdf
139543,apr 29 03:54,subscribe_rules.pdf
4422864,sep 26 22:01,subscribers.csv
94444,sep 26 14:22,sved_dohod_2023.pdf
27257,sep 26 14:22,sved_o_d_f_g_2014.docx
12652,sep 26 14:22,sved_o_d_f_k_2014.docx
15185,sep 26 14:22,sved_o_d_f_m_2014.docx
13072,sep 26 14:23,sved_o_d_f_u_2014.docx
208869,sep 26 13:37,teacher_instruction_new.pdf
294151,sep 26 11:21,tehn_int.pdf
479552,sep 26 11:21,tehn_int_d.pdf
868452,sep 26 11:23,teor_osn.pdf
537,sep 26 10:27,transport_inform_list_2016.doc
101376,sep 26 15:54,u_konsor.doc
80443,sep 26 12:09,ujj532ypug9ufeambtzkzh6kfdqoa6yp.pdf
142286,sep 26 12:30,ukaz597_20120507.pdf
279288,sep 26 11:21,umn_gor.pdf
330875,sep 26 11:22,upr_izm.pdf
266078,sep 26 11:22,upr_kiber.pdf
347730,sep 26 11:22,upr_pr.pdf
245024,sep 26 11:21,upr_proc.pdf
253752,sep 26 13:37,user_registration_in_EBS_Lan.docx
195234,apr 29 03:54,version-090924.pdf
88983,apr 29 03:54,version-300824.pdf
17590,sep 26 16:26,vesna_fizfak.docx
17641,sep 26 11:24,vi_asp.docx
18120,sep 26 11:20,vi_mag.docx
761430,sep 26 15:31,vozr_psih.pdf
275201,sep 26 11:21,web_pril.pdf
239853,sep 26 11:21,web_razr.pdf
537,sep 26 10:27,wipo-dstu_seminar-info.pdf
190356506,sep 26 13:36,wpm5skhpgcr5ncwf6dwz92dutt9ucc13.pdf
1386,mar 23 09:57,zayavka_kompensaciya_interneta.txt
1257,mar 23 09:57,zayavka_na_propusk_v_zhk.txt
1372,mar 23 09:57,zayavlenie_dostavka_oborudovaniya_domoi.txt
10790,sep 26 14:59,zayv_shablon.docx
717353,sep 26 15:41,zhiv.pdf
959996,sep 26 15:45,zhiv_cher.pdf
537,sep 26 10:27,ÂÕ1011.pdf
61626,sep 26 09:34,Анкета.docx
113186,sep 26 14:33,Аннотация АПЦПиЦЭ.pdf
519956,sep 26 15:56,Артем Шадрин.pdf
117798,sep 26 11:59,Бухгалтер.pdf
118848,sep 26 11:59,Ведущий бухгалтер (участок НДС).pdf
2800670,apr 29 03:54,Всероссийская_перепись_животных.pdf
74895,sep 26 15:11,Выписка из реестра ГА 06.05.01 06.05.02.pdf
329813,sep 26 12:14,ВыпискаТемы-ВКР-ИНоЗ_2025-выпуска.pdf
282320,sep 26 11:48,Для сайта Средний балл и ЕГЭ 2021_22.pdf
25601,sep 26 09:34,Договор.docx
1190193,sep 26 14:05,Изменения в Устав от 24 сентября 2024.pdf
2122240,sep 26 10:19,Инструкция по работе с информационными ресурсами.doc
291010,sep 26 12:10,Инструкция_МФЦ.pdf
296958,sep 26 14:07,Информация о результатах приема 2024.pdf
1026771,sep 26 14:25,Координаты для связи с профильными структурными подразделениями_3.pdf
207214,sep 26 12:15,Лицей ЮФУ_ВД_расписание_2024-2025.pdf
399991,sep 26 12:15,Лицей ЮФУ_ПОЛОЖЕНИЕ о ВД.pdf
139142,sep 26 12:03,Мероприятия_НАМ_весна_2022.pdf
105629,sep 26 14:17,Объекты_воспитания.pdf
688258,sep 26 09:50,П112-ОД_Программа воспитания.pdf
824845,sep 26 14:25,П114-ОД.pdf
982741,sep 26 14:17,П1149_21.05.2025.pdf
546705,sep 26 16:20,П122-ОД_изменения в ОС_28.04.2023.pdf
495386,sep 26 14:18,П1352 О стоимости в 2022_23гг 2х и последующих курсов.pdf
221952,sep 26 12:10,П1438.pdf
1003233,sep 26 09:51,П1620_План ВР на 2021-2022 уч.год.pdf
512893,sep 26 09:50,П1631_ОП и программа воспитания.pdf
737960,sep 26 12:10,П1888-2.pdf
450416,sep 26 14:25,П216-ОД.pdf
395762,sep 26 14:25,П245-ОД Регламент проведения выборов заведующего кафедрой.pdf
1676119,sep 26 14:25,П247.pdf
327706,sep 26 14:05,П264-ОД_01.11.2024.pdf
1861324,sep 26 15:54,П320-ОД_Профобучение_ЮФУ.pdf
430840,sep 26 16:18,П336-ОД_05.12.2022_ Стандарт ЮФУ_10.05.04.pdf
388241,sep 26 14:04,П47-ОД_10.03.2023.pdf
260041,sep 26 14:04,П47-ОД_МИМДО_03.03.2022.pdf
875368,sep 26 14:05,П7-ОД_15.01.2015.pdf
331544,sep 26 16:19,П70-ОД_37.03.01 Психология.pdf
409537,sep 26 16:19,П71-ОД_37.04.01 Психология.pdf
428702,sep 26 16:19,П72-ОД_37.05.01_Клиническая психология.pdf
379487,sep 26 16:19,П73-ОД_37.05.02_Психология служ деят.pdf
234722,sep 26 10:20,ПАМЯТКА для приезжающих 2025.pdf
977082,apr 29 03:54,ПП_2025_19.01.2025_итог.pdf
974078,apr 29 03:54,ПП_2025_19.01.2025_итог1.pdf
321726,sep 26 08:34,ПРАВИЛА ПОСЕЩЕНИЯ ООПТ ФЕДЕРАЛЬНОГО ЗНАЧЕНИЯ (2).pdf
537439,sep 26 12:02,ПРОГРАММА МНПК .pdf
524682,sep 26 10:20,ПУБЛИЧНЫЙ ОТЧЁТ ТК ЮФУ 2020_0.pdf
161027,sep 26 14:21,ПФХД 2022   изм 01 с оттиском.pdf
161166,sep 26 14:21,ПФХД 2022   изм 02 с оттиском.pdf
161035,sep 26 14:21,ПФХД 2022   исходный с оттиском.pdf
191215,sep 26 14:21,ПФХД 2023   исходный с оттиском.pdf
15971,sep 26 09:34,Перечень документов.docx
150692,sep 26 11:58,Политика_конфиденциальности_объясняем_рф.pdf
263615,sep 26 12:12,Положение_2025_Утверждено_Оргкомитетом.pdf
150692,sep 26 11:58,Пользовательское_соглашение_объясняем_рф.pdf
17264,sep 26 09:34,Порядок проведения.docx
418601,sep 26 16:28,Приказ 391.pdf
120352,sep 26 15:56,"Приказ ФСТЭК России от 03_05.2023 N 74  Об утверждении требований оформлению заявления о предоставлении лицензии, разрешения.docx"
61079,sep 26 15:56,Приказ ФСТЭК России от 30.10.2018 N 193.docx
638921,sep 26 16:19,Приказ ЮФУ от 04.06.2021 N 115-ОД.pdf
274597,sep 26 16:20,Приказ ЮФУ от 07.02.2022  N 24-ОД.pdf
94986,sep 26 13:52,Программа VIII  научного семинара Лаборатории экспериментальной лингвистики АГУ  Клиническая лингвистика.docx
2005362,sep 26 10:20,Публичный отчёт 2021.pdf
1105236,sep 26 10:20,Публичный отчёт 2023.pdf
1878644,sep 26 10:20,Публичный отчёт ТК ЮФУ.pdf
1294359,sep 26 10:20,Публичный_отчёт_ТК_ЮФУ_2024.pdf
896857,sep 26 10:20,Р386. Человек в мире ИИ.pdf
692906,sep 26 10:20,Р502 Фронтиры карьеры.pdf
563794,sep 26 10:20,Р545_0.pdf
570853,sep 26 10:20,Р613 паспорта компетенций.pdf
919294,sep 26 09:34,Р688.pdf
515421,sep 26 10:20,Р953.pdf
493365,sep 26 10:20,РАС_127-р Ассоциация.pdf
896735,sep 26 10:21,РАС_128-Р Закрытие ШМБ 3.0.pdf
529850,sep 26 10:20,РАС_1338-Р Кр стол ДНК.pdf
734696,sep 26 10:21,РАС_143-р.pdf
668167,sep 26 10:20,РАС_146-р.pdf
526985,sep 26 10:20,РАС_152-р.pdf
493896,sep 26 10:20,РАС_153-Р.pdf
646347,sep 26 10:20,РАС_263-р 15.03.pdf
496369,sep 26 10:20,РАС_303-р.pdf
548387,sep 26 10:20,РАС_419-р день выпускника.pdf
492509,sep 26 10:20,РАС_546-р.pdf
677819,sep 26 10:20,РАС_669-р.pdf
705722,sep 26 10:20,РАС_715-р HR.pdf
745507,sep 26 10:21,РАС_95-р Престиж работодателей.pdf
583971,sep 26 10:20,РАС_988-р Об организации диагностики УК.pdf
752019,sep 26 10:20,РАСП1035-р HR.pdf
1070844,sep 26 10:20,РАСП211-р  актуализация  договоров_0.pdf
922050,sep 26 09:41,РПД и КП 15.02.10 (2).pdf
25329086,sep 26 14:58,РУКОВОДСТВО_ПО_БРЕНДИНГУ_2025.pdf
490307,sep 26 08:34,Ранжированные списки (по итогам апелляций).pdf
63027970,sep 26 13:54,Реестр экскурсоводов 2024_ 02.12.2024.pdf
109170,sep 26 15:11,Реестровая выписка ГА 25.02.25_СПО.pdf
138316,sep 26 15:11,Реестровая выписка л_22.08.25.pdf
77836,sep 26 15:11,Реестровая выписка_29.05.29025.pdf
14683,sep 26 09:34,Согласие законного представителя на заключение договора.docx
15019,sep 26 09:34,Согласие законного представителя.docx
14572,sep 26 09:34,Согласие участника конкурса.docx
75227,sep 26 12:28,Согласие_ПДн_(map.ncpti.ru).rtf
32410,sep 26 16:20,договор_июль.docx
22640,sep 26 12:06,заявление ректору.docx
22997,sep 26 16:20,заявление.docx
320040,sep 26 08:34,коммерческое предложение.pdf
1907115,sep 26 15:55,патентов и ПЭВМ - ЮФУ.pdf
356159,sep 26 08:34,режим работы и прейскурант-.pdf
159930,sep 26 14:39,сайт_Наука_Микросистемная техника и интегральная сенсорика.pdf
1097449,sep 26 14:49,السيرة الذاتية د. صبحي شرف عميد الكلية 13-3 - Copy.pdf
